{
  "bias_distance": -6.867870599348263,
  "bias_bearing": -2.995029814485008,
  "bias_altitude": -2.9900557226663103
}