{
  "baseline": {
    "angle": 1.9615095427657108,
    "height": 1.1557157856144318,
    "range": 2.57006182885157,
    "score": 1.9319233221058978
  },
  "neural_network": {
    "angle": -56.94466576563839,
    "height": 19.646403531113712,
    "range": 37.01776796033719,
    "score": -31.36164031222923,
    "train_time": 3.5265865325927734
  },
  "gradient_descent": {
    "angle": 0.0036558045242087054,
    "height": 0.1875453510679984,
    "range": 0.6846298156294559,
    "score": 0.13338533817156423,
    "opt_time": 0.5697522163391113
  },
  "best_method": "Neural Network",
  "best_score": -31.36164031222923
}