{
  "v1_weight": 0.1,
  "v21_weight": 0.9,
  "score": 5.283835172074728,
  "angle_error": 5.892018223683109,
  "height_error": 0.06720714915882399,
  "range_error": 7.662275620818185
}