{
  "num_gcps": 11,
  "gcp_indices": [
    429,
    299,
    357,
    348,
    90,
    179,
    239,
    81,
    307,
    97,
    330
  ],
  "statistics": {
    "bearing_range": [
      215.46296255517478,
      256.03989986586856
    ],
    "distance_range": [
      22.315274309778218,
      97.90686363703256
    ],
    "altitude_range": [
      43.6,
      69.22
    ],
    "avg_confidence": 0.5537627393549139
  }
}